window_label,group_a,group_b,test_method,n_group_a,n_group_b,mean_group_a,mean_group_b,mean_diff_a_minus_b,median_diff_a_minus_b,statistic,p_value,significant_5pct
m1_p1,escalation,relief,welch_ttest,11,6,-0.0028655861175862275,-0.0054760934013779496,0.002610507283791722,0.00455072942398865,0.2899625015220563,0.7762093244142303,False
m1_p1,escalation,relief,mannwhitney_u,11,6,-0.0028655861175862275,-0.0054760934013779496,0.002610507283791722,0.00455072942398865,36.0,0.807530704589528,False
m3_p3,escalation,relief,welch_ttest,11,6,0.006752104293775236,-0.019894938704602367,0.026647042998377602,0.011103534573900951,1.2205202483144455,0.2580915461884356,False
m3_p3,escalation,relief,mannwhitney_u,11,6,0.006752104293775236,-0.019894938704602367,0.026647042998377602,0.011103534573900951,47.0,0.1801874595992243,False
m5_p5,escalation,relief,welch_ttest,11,6,0.010840494277283418,-0.009819506861363368,0.020660001138646786,0.02898630744529305,1.1637309274676493,0.26988125173501837,False
m5_p5,escalation,relief,mannwhitney_u,11,6,0.010840494277283418,-0.009819506861363368,0.020660001138646786,0.02898630744529305,45.0,0.2561409179056238,False
